{"cameraMode":{"drawMode":0,"name":"Shaded","section":"Shading Mode"},"sceneLighting":true,"audioPlay":false,"sceneViewState":{"showFog":false,"showMaterialUpdate":false,"showSkybox":true,"showFlares":false,"showImageEffects":false,"showParticleSystems":false},"in2DMode":false,"pivot":{"x":-0.10282611846923828,"y":0.4555683135986328,"z":-0.21601581573486329},"rotation":{"x":-0.040659353137016299,"y":0.8889711499214172,"z":-0.08050142973661423,"w":-0.4489966630935669},"size":11.781026840209961,"orthographic":false}